{
  "hash": "4dc5b0ad",
  "configHash": "8a8272be",
  "lockfileHash": "3417330c",
  "browserHash": "5c69dfe3",
  "optimized": {
    "@angular/common/http": {
      "src": "../../../../../../node_modules/@angular/common/fesm2022/http.mjs",
      "file": "@angular_common_http.js",
      "fileHash": "a4aa03e9",
      "needsInterop": false
    },
    "@angular/core": {
      "src": "../../../../../../node_modules/@angular/core/fesm2022/core.mjs",
      "file": "@angular_core.js",
      "fileHash": "cc9f0bef",
      "needsInterop": false
    },
    "@angular/forms": {
      "src": "../../../../../../node_modules/@angular/forms/fesm2022/forms.mjs",
      "file": "@angular_forms.js",
      "fileHash": "8363e75c",
      "needsInterop": false
    },
    "@angular/platform-browser": {
      "src": "../../../../../../node_modules/@angular/platform-browser/fesm2022/platform-browser.mjs",
      "file": "@angular_platform-browser.js",
      "fileHash": "1a689248",
      "needsInterop": false
    },
    "@angular/router": {
      "src": "../../../../../../node_modules/@angular/router/fesm2022/router.mjs",
      "file": "@angular_router.js",
      "fileHash": "c6c1e514",
      "needsInterop": false
    },
    "rxjs": {
      "src": "../../../../../../node_modules/rxjs/dist/esm5/index.js",
      "file": "rxjs.js",
      "fileHash": "52af0fe1",
      "needsInterop": false
    }
  },
  "chunks": {
    "chunk-V246GP6X": {
      "file": "chunk-V246GP6X.js"
    },
    "chunk-6XBSAS3E": {
      "file": "chunk-6XBSAS3E.js"
    },
    "chunk-5GKMMMWD": {
      "file": "chunk-5GKMMMWD.js"
    },
    "chunk-7XA6G6KX": {
      "file": "chunk-7XA6G6KX.js"
    },
    "chunk-S35MAB2V": {
      "file": "chunk-S35MAB2V.js"
    }
  }
}