{
	"info": {
		"_postman_id": "task-management-api-001",
		"name": "Task Management API",
		"description": "Task Management REST API\n\n**Endpoints:**\n- POST /tasks - Create task\n- GET /tasks - List tasks\n- GET /tasks/:id - Get task by ID\n- DELETE /tasks/:id - Delete task",
		"schema": "https://schema.getpostman.com/json/collection/v2.1.0/collection.json"
	},
	"variable": [
		{"key": "base_url", "value": "http://localhost:8080"},
		{"key": "token", "value": ""},
		{"key": "task_id", "value": ""}
	],
	"item": [
		{
			"name": "Health",
			"request": {
				"method": "GET",
				"header": [],
				"url": "{{base_url}}/health"
			}
		},
		{
			"name": "Auth",
			"item": [
				{
					"name": "Register",
					"event": [{
						"listen": "test",
						"script": {
							"exec": [
								"if (pm.response.code === 201) {",
								"    var jsonData = pm.response.json();",
								"    if (jsonData.data && jsonData.data.token) {",
								"        pm.collectionVariables.set('token', jsonData.data.token);",
								"    }",
								"}"
							],
							"type": "text/javascript"
						}
					}],
					"request": {
						"method": "POST",
						"header": [{"key": "Content-Type", "value": "application/json"}],
						"body": {"mode": "raw", "raw": "{\n  \"email\": \"user@example.com\",\n  \"username\": \"user1\",\n  \"password\": \"secret123\"\n}"},
						"url": "{{base_url}}/register"
					}
				},
				{
					"name": "Login",
					"event": [{
						"listen": "test",
						"script": {
							"exec": [
								"if (pm.response.code === 200) {",
								"    var jsonData = pm.response.json();",
								"    if (jsonData.data && jsonData.data.token) {",
								"        pm.collectionVariables.set('token', jsonData.data.token);",
								"    }",
								"}"
							],
							"type": "text/javascript"
						}
					}],
					"request": {
						"method": "POST",
						"header": [{"key": "Content-Type", "value": "application/json"}],
						"body": {"mode": "raw", "raw": "{\n  \"email\": \"user@example.com\",\n  \"password\": \"secret123\"\n}"},
						"url": "{{base_url}}/login"
					}
				}
			]
		},
		{
			"name": "Tasks",
			"auth": {"type": "bearer", "bearer": [{"key": "token", "value": "{{token}}", "type": "string"}]},
			"item": [
				{
					"name": "TaskCreate",
					"event": [{
						"listen": "test",
						"script": {
							"exec": [
								"if (pm.response.code === 201) {",
								"    var jsonData = pm.response.json();",
								"    if (jsonData.data && jsonData.data.id) {",
								"        pm.collectionVariables.set('task_id', jsonData.data.id);",
								"    }",
								"}"
							],
							"type": "text/javascript"
						}
					}],
					"request": {
						"method": "POST",
						"header": [{"key": "Content-Type", "value": "application/json"}],
						"body": {"mode": "raw", "raw": "{\n  \"title\": \"My Task\",\n  \"description\": \"Task description\",\n  \"status\": \"pending\"\n}"},
						"url": "{{base_url}}/tasks"
					}
				},
				{
					"name": "TaskList",
					"request": {
						"method": "GET",
						"header": [],
						"url": "{{base_url}}/tasks"
					}
				},
				{
					"name": "TaskGet",
					"request": {
						"method": "GET",
						"header": [],
						"url": "{{base_url}}/tasks/{{task_id}}"
					}
				},
				{
					"name": "TaskDelete",
					"request": {
						"method": "DELETE",
						"header": [],
						"url": {
							"raw": "{{base_url}}/tasks/{{task_id}}",
							"host": ["{{base_url}}"],
							"path": ["tasks", "{{task_id}}"]
						},
						"description": "Run TaskCreate first to set task_id. Or copy a task ID from TaskList response."
					}
				}
			]
		}
	]
}
